title,price,rating,colors,size,gender,timestamp
T-shirt,1634400.0,3.9,3,M,Women,2025-05-30 11:33:45+07:00
Hoodie,7950080.0,4.8,3,L,Unisex,2025-05-30 11:33:45+07:00
Pants,7476960.0,3.3,3,XL,Men,2025-05-30 11:33:45+07:00
Outerwear,5145440.0,3.5,3,XXL,Women,2025-05-30 11:33:45+07:00
Jacket,2453920.0,3.3,3,S,Unisex,2025-05-30 11:33:45+07:00
Crewneck,6892000.0,4.3,3,M,Men,2025-05-30 11:33:45+07:00
T-shirt,7802560.0,3.1,3,L,Women,2025-05-30 11:33:45+07:00
Hoodie,3972160.0,3.2,3,XL,Unisex,2025-05-30 11:33:45+07:00
Pants,3100160.0,4.2,3,XXL,Men,2025-05-30 11:33:45+07:00
Jacket,8527840.0,3.9,3,M,Unisex,2025-05-30 11:33:45+07:00
Crewneck,5447200.0,3.2,3,L,Men,2025-05-30 11:33:45+07:00
T-shirt,3248800.0,3.8,3,XL,Women,2025-05-30 11:33:45+07:00
Hoodie,2184160.0,3.6,3,XXL,Unisex,2025-05-30 11:33:45+07:00
Outerwear,841600.0,3.8,3,M,Women,2025-05-30 11:33:45+07:00
Jacket,5500000.0,3.8,3,L,Unisex,2025-05-30 11:33:45+07:00
Crewneck,1308960.0,3.6,3,XL,Men,2025-05-30 11:33:45+07:00
T-shirt,1325600.0,3.4,3,XXL,Women,2025-05-30 11:33:45+07:00
Pants,4319680.0,4.9,3,M,Men,2025-05-30 11:33:45+07:00
Outerwear,4655840.0,3.7,3,L,Women,2025-05-30 11:33:45+07:00
Jacket,8223520.0,3.9,3,XL,Unisex,2025-05-30 11:33:45+07:00
Crewneck,8322559.999999999,3.3,3,XXL,Men,2025-05-30 11:33:45+07:00
T-shirt,7292320.0,4.6,3,S,Women,2025-05-30 11:33:45+07:00
Hoodie,3551840.0,4.8,3,M,Unisex,2025-05-30 11:33:45+07:00
Pants,5216160.0,4.0,3,L,Men,2025-05-30 11:33:45+07:00
Outerwear,861600.0,3.1,3,XL,Women,2025-05-30 11:33:45+07:00
Jacket,8610240.0,3.7,3,XXL,Unisex,2025-05-30 11:33:45+07:00
T-shirt,6657920.0,3.4,3,M,Women,2025-05-30 11:33:45+07:00
Hoodie,7248160.0,3.5,3,L,Unisex,2025-05-30 11:33:45+07:00
Pants,8362719.999999999,3.8,3,XL,Men,2025-05-30 11:33:45+07:00
Outerwear,1356160.0,3.8,3,XXL,Women,2025-05-30 11:33:45+07:00
Jacket,7249280.0,3.7,3,S,Unisex,2025-05-30 11:33:45+07:00
Crewneck,6006080.0,4.0,3,M,Men,2025-05-30 11:33:45+07:00
T-shirt,4866080.0,3.2,3,L,Women,2025-05-30 11:33:45+07:00
Hoodie,6431200.0,4.6,3,XL,Unisex,2025-05-30 11:33:45+07:00
Pants,5853600.0,3.1,3,XXL,Men,2025-05-30 11:33:45+07:00
Jacket,6744160.0,3.7,3,M,Unisex,2025-05-30 11:33:45+07:00
Crewneck,2909600.0,4.5,3,L,Men,2025-05-30 11:33:45+07:00
T-shirt,3312320.0,3.0,3,XL,Women,2025-05-30 11:33:45+07:00
Hoodie,8693120.0,4.5,3,XXL,Unisex,2025-05-30 11:33:45+07:00
Outerwear,6364640.0,3.2,3,M,Women,2025-05-30 11:33:45+07:00
Jacket,4994720.0,3.4,3,L,Unisex,2025-05-30 11:33:45+07:00
Crewneck,1071200.0,4.0,3,XL,Men,2025-05-30 11:33:45+07:00
T-shirt,5932960.0,3.1,3,XXL,Women,2025-05-30 11:33:45+07:00
Pants,1596480.0,4.0,3,M,Men,2025-05-30 11:33:45+07:00
Outerwear,4470880.0,4.3,3,L,Women,2025-05-30 11:33:45+07:00
Jacket,854560.0,4.2,3,XL,Unisex,2025-05-30 11:33:45+07:00
Crewneck,1793760.0,3.6,3,XXL,Men,2025-05-30 11:33:45+07:00
T-shirt,4643040.0,3.8,3,S,Women,2025-05-30 11:33:45+07:00
Hoodie,3155360.0,4.9,3,M,Unisex,2025-05-30 11:33:45+07:00
Pants,1637760.0,4.4,3,L,Men,2025-05-30 11:33:45+07:00
Outerwear,2254240.0,4.6,3,XL,Women,2025-05-30 11:33:45+07:00
Jacket,3375520.0,4.2,3,XXL,Unisex,2025-05-30 11:33:45+07:00
T-shirt,1376480.0,3.8,3,M,Women,2025-05-30 11:33:45+07:00
Hoodie,6479200.0,3.6,3,L,Unisex,2025-05-30 11:33:45+07:00
Pants,7728480.0,4.0,3,XL,Men,2025-05-30 11:33:45+07:00
Outerwear,2385920.0,4.1,3,XXL,Women,2025-05-30 11:33:45+07:00
Jacket,4353120.0,3.5,3,S,Unisex,2025-05-30 11:33:45+07:00
Crewneck,8470720.0,3.5,3,M,Men,2025-05-30 11:33:45+07:00
T-shirt,8025280.0,4.0,3,L,Women,2025-05-30 11:33:45+07:00
Hoodie,1027839.9999999999,3.6,3,XL,Unisex,2025-05-30 11:33:45+07:00
Pants,1171360.0,4.4,3,XXL,Men,2025-05-30 11:33:45+07:00
Jacket,3776000.0,4.4,3,M,Unisex,2025-05-30 11:33:45+07:00
Crewneck,2460320.0,3.0,3,L,Men,2025-05-30 11:33:45+07:00
T-shirt,7704800.0,3.8,3,XL,Women,2025-05-30 11:33:45+07:00
Hoodie,2101760.0,4.3,3,XXL,Unisex,2025-05-30 11:33:45+07:00
Outerwear,861760.0,3.7,3,M,Women,2025-05-30 11:33:45+07:00
Jacket,2716480.0,4.3,3,L,Unisex,2025-05-30 11:33:45+07:00
Crewneck,3309600.0,4.6,3,XL,Men,2025-05-30 11:33:45+07:00
T-shirt,4178399.9999999995,4.5,3,XXL,Women,2025-05-30 11:33:45+07:00
Pants,8315520.0,4.8,3,M,Men,2025-05-30 11:33:45+07:00
Outerwear,3947840.0,3.7,3,L,Women,2025-05-30 11:33:45+07:00
Jacket,2826080.0,4.8,3,XL,Unisex,2025-05-30 11:33:45+07:00
Crewneck,4564160.0,3.5,3,XXL,Men,2025-05-30 11:33:45+07:00
T-shirt,1670880.0,3.9,3,S,Women,2025-05-30 11:33:45+07:00
Hoodie,7870240.0,4.3,3,M,Unisex,2025-05-30 11:33:45+07:00
Pants,7590400.0,3.1,3,L,Men,2025-05-30 11:33:45+07:00
Outerwear,4856320.0,3.0,3,XL,Women,2025-05-30 11:33:45+07:00
Jacket,7160000.0,4.0,3,XXL,Unisex,2025-05-30 11:33:45+07:00
T-shirt,5012320.0,3.5,3,M,Women,2025-05-30 11:33:45+07:00
Hoodie,1365280.0,3.6,3,L,Unisex,2025-05-30 11:33:45+07:00
Pants,1074880.0,4.3,3,XL,Men,2025-05-30 11:33:45+07:00
Outerwear,6062240.0,3.5,3,XXL,Women,2025-05-30 11:33:45+07:00
Jacket,4598240.0,4.9,3,S,Unisex,2025-05-30 11:33:45+07:00
Crewneck,6113120.0,3.9,3,M,Men,2025-05-30 11:33:45+07:00
T-shirt,8596960.0,3.1,3,L,Women,2025-05-30 11:33:45+07:00
Hoodie,5028000.0,3.6,3,XL,Unisex,2025-05-30 11:33:45+07:00
Pants,2217280.0,4.6,3,XXL,Men,2025-05-30 11:33:45+07:00
Jacket,3840640.0,3.3,3,M,Unisex,2025-05-30 11:33:45+07:00
Crewneck,2331680.0,3.5,3,L,Men,2025-05-30 11:33:45+07:00
T-shirt,2374400.0,3.8,3,XL,Women,2025-05-30 11:33:45+07:00
Hoodie,5019840.0,4.2,3,XXL,Unisex,2025-05-30 11:33:45+07:00
Outerwear,6625120.0,4.0,3,M,Women,2025-05-30 11:33:45+07:00
Jacket,5551680.0,4.8,3,L,Unisex,2025-05-30 11:33:45+07:00
Crewneck,5886880.0,3.3,3,XL,Men,2025-05-30 11:33:45+07:00
T-shirt,7197120.0,4.6,3,XXL,Women,2025-05-30 11:33:45+07:00
Pants,4261920.0,3.3,3,M,Men,2025-05-30 11:33:45+07:00
Outerwear,4472000.0,3.7,3,L,Women,2025-05-30 11:33:45+07:00
Jacket,5386560.0,4.9,3,XL,Unisex,2025-05-30 11:33:45+07:00
Crewneck,1933280.0,4.5,3,XXL,Men,2025-05-30 11:33:45+07:00
T-shirt,3474560.0,3.0,3,S,Women,2025-05-30 11:33:45+07:00
Hoodie,3376320.0,5.0,3,M,Unisex,2025-05-30 11:33:45+07:00
Pants,5585440.0,3.2,3,L,Men,2025-05-30 11:33:45+07:00
Outerwear,3561760.0,3.4,3,XL,Women,2025-05-30 11:33:45+07:00
Jacket,7480320.0,4.0,3,XXL,Unisex,2025-05-30 11:33:45+07:00
T-shirt,1961920.0,3.6,3,M,Women,2025-05-30 11:33:45+07:00
Hoodie,4498080.0,3.8,3,L,Unisex,2025-05-30 11:33:45+07:00
Pants,7023520.0,3.2,3,XL,Men,2025-05-30 11:33:45+07:00
Outerwear,6998240.0,4.2,3,XXL,Women,2025-05-30 11:33:45+07:00
Jacket,4426080.0,3.9,3,S,Unisex,2025-05-30 11:33:45+07:00
Crewneck,8311680.0,4.0,3,M,Men,2025-05-30 11:33:45+07:00
T-shirt,4466720.0,3.8,3,L,Women,2025-05-30 11:33:45+07:00
Hoodie,2532480.0,4.5,3,XL,Unisex,2025-05-30 11:33:45+07:00
Pants,6603520.0,4.8,3,XXL,Men,2025-05-30 11:33:45+07:00
Jacket,6474880.0,4.2,3,M,Unisex,2025-05-30 11:33:45+07:00
Crewneck,2016320.0,4.7,3,L,Men,2025-05-30 11:33:45+07:00
T-shirt,5937440.0,3.2,3,XL,Women,2025-05-30 11:33:45+07:00
Hoodie,5141440.0,4.7,3,XXL,Unisex,2025-05-30 11:33:45+07:00
Outerwear,6988320.0,4.5,3,M,Women,2025-05-30 11:33:45+07:00
Jacket,4635520.0,3.4,3,L,Unisex,2025-05-30 11:33:45+07:00
Crewneck,8053120.0,4.5,3,XL,Men,2025-05-30 11:33:45+07:00
T-shirt,6811040.0,3.5,3,XXL,Women,2025-05-30 11:33:45+07:00
Pants,2325280.0,4.9,3,M,Men,2025-05-30 11:33:45+07:00
Outerwear,3346560.0,4.9,3,L,Women,2025-05-30 11:33:45+07:00
Jacket,5758240.0,4.3,3,XL,Unisex,2025-05-30 11:33:45+07:00
Crewneck,3472800.0,4.8,3,XXL,Men,2025-05-30 11:33:45+07:00
T-shirt,7688640.0,4.3,3,S,Women,2025-05-30 11:33:45+07:00
Hoodie,3052800.0,5.0,3,M,Unisex,2025-05-30 11:33:45+07:00
Pants,6033440.0,4.7,3,L,Men,2025-05-30 11:33:45+07:00
Outerwear,3105920.0,3.2,3,XL,Women,2025-05-30 11:33:45+07:00
Jacket,1500640.0,3.6,3,XXL,Unisex,2025-05-30 11:33:45+07:00
T-shirt,6288640.0,4.2,3,M,Women,2025-05-30 11:33:45+07:00
Hoodie,2660640.0,4.3,3,L,Unisex,2025-05-30 11:33:45+07:00
Pants,2337440.0,3.0,3,XL,Men,2025-05-30 11:33:45+07:00
Outerwear,3783200.0,4.1,3,XXL,Women,2025-05-30 11:33:45+07:00
Jacket,6645120.0,3.6,3,S,Unisex,2025-05-30 11:33:45+07:00
Crewneck,1105760.0,4.0,3,M,Men,2025-05-30 11:33:45+07:00
T-shirt,7321120.0,4.0,3,L,Women,2025-05-30 11:33:45+07:00
Hoodie,2371680.0,4.9,3,XL,Unisex,2025-05-30 11:33:45+07:00
Pants,2802880.0,3.4,3,XXL,Men,2025-05-30 11:33:45+07:00
Jacket,1543840.0,4.5,3,M,Unisex,2025-05-30 11:33:45+07:00
Crewneck,7861920.0,4.4,3,L,Men,2025-05-30 11:33:45+07:00
T-shirt,3512000.0,3.9,3,XL,Women,2025-05-30 11:33:45+07:00
Hoodie,6921280.0,4.9,3,XXL,Unisex,2025-05-30 11:33:45+07:00
Outerwear,3273760.0,3.1,3,M,Women,2025-05-30 11:33:45+07:00
Jacket,870400.0,4.4,3,L,Unisex,2025-05-30 11:33:45+07:00
Crewneck,8032800.0,4.7,3,XL,Men,2025-05-30 11:33:45+07:00
T-shirt,6677920.0,4.5,3,XXL,Women,2025-05-30 11:33:45+07:00
Pants,1566080.0,4.9,3,M,Men,2025-05-30 11:33:45+07:00
Outerwear,7034560.0,4.6,3,L,Women,2025-05-30 11:33:45+07:00
Jacket,6282240.0,3.3,3,XL,Unisex,2025-05-30 11:33:45+07:00
Crewneck,8125120.0,4.5,3,XXL,Men,2025-05-30 11:33:45+07:00
T-shirt,6104320.0,3.6,3,S,Women,2025-05-30 11:33:45+07:00
Hoodie,1890400.0,4.6,3,M,Unisex,2025-05-30 11:33:45+07:00
Pants,6184160.0,3.0,3,L,Men,2025-05-30 11:33:45+07:00
Outerwear,5816640.0,3.5,3,XL,Women,2025-05-30 11:33:45+07:00
Jacket,5552640.0,3.9,3,XXL,Unisex,2025-05-30 11:33:45+07:00
T-shirt,2334880.0,3.8,3,M,Women,2025-05-30 11:33:45+07:00
Hoodie,3904640.0,3.6,3,L,Unisex,2025-05-30 11:33:45+07:00
Pants,7759520.0,4.5,3,XL,Men,2025-05-30 11:33:45+07:00
Outerwear,7822880.0,3.2,3,XXL,Women,2025-05-30 11:33:45+07:00
Jacket,6940480.0,4.2,3,S,Unisex,2025-05-30 11:33:45+07:00
Crewneck,6663520.0,3.8,3,M,Men,2025-05-30 11:33:45+07:00
T-shirt,3927840.0,4.4,3,L,Women,2025-05-30 11:33:45+07:00
Hoodie,1946720.0,4.0,3,XL,Unisex,2025-05-30 11:33:45+07:00
Pants,2220960.0,4.5,3,XXL,Men,2025-05-30 11:33:45+07:00
Jacket,5066240.0,3.8,3,M,Unisex,2025-05-30 11:33:45+07:00
Crewneck,7355680.0,4.1,3,L,Men,2025-05-30 11:33:45+07:00
T-shirt,2818720.0,4.9,3,XL,Women,2025-05-30 11:33:45+07:00
Hoodie,7208960.0,4.9,3,XXL,Unisex,2025-05-30 11:33:45+07:00
Outerwear,5681600.0,4.9,3,M,Women,2025-05-30 11:33:45+07:00
Jacket,5435040.0,4.5,3,L,Unisex,2025-05-30 11:33:45+07:00
Crewneck,6744320.0,3.1,3,XL,Men,2025-05-30 11:33:45+07:00
T-shirt,6289920.0,3.5,3,XXL,Women,2025-05-30 11:33:45+07:00
Pants,5592480.0,3.3,3,M,Men,2025-05-30 11:33:45+07:00
Outerwear,2144000.0,3.4,3,L,Women,2025-05-30 11:33:45+07:00
Jacket,6031040.0,3.9,3,XL,Unisex,2025-05-30 11:33:45+07:00
Crewneck,6434880.0,3.2,3,XXL,Men,2025-05-30 11:33:45+07:00
T-shirt,4674720.0,4.5,3,S,Women,2025-05-30 11:33:45+07:00
Hoodie,6101440.0,3.5,3,M,Unisex,2025-05-30 11:33:45+07:00
Pants,4637600.0,3.1,3,L,Men,2025-05-30 11:33:45+07:00
Outerwear,7980640.0,4.3,3,XL,Women,2025-05-30 11:33:45+07:00
Jacket,7827360.0,4.7,3,XXL,Unisex,2025-05-30 11:33:45+07:00
T-shirt,8794880.0,4.7,3,M,Women,2025-05-30 11:33:45+07:00
Hoodie,5748000.0,3.6,3,L,Unisex,2025-05-30 11:33:45+07:00
Pants,4315680.0,4.9,3,XL,Men,2025-05-30 11:33:45+07:00
Outerwear,1449600.0,3.8,3,XXL,Women,2025-05-30 11:33:45+07:00
Jacket,4576480.0,4.6,3,S,Unisex,2025-05-30 11:33:45+07:00
Crewneck,5772960.0,4.8,3,M,Men,2025-05-30 11:33:45+07:00
T-shirt,5600320.0,3.1,3,L,Women,2025-05-30 11:33:45+07:00
Hoodie,5671040.0,4.6,3,XL,Unisex,2025-05-30 11:33:45+07:00
Pants,3357600.0,3.2,3,XXL,Men,2025-05-30 11:33:45+07:00
Jacket,7438080.0,3.4,3,M,Unisex,2025-05-30 11:33:45+07:00
Crewneck,952960.0,4.8,3,L,Men,2025-05-30 11:33:45+07:00
T-shirt,3534560.0,4.5,3,XL,Women,2025-05-30 11:33:45+07:00
Hoodie,5232800.0,3.5,3,XXL,Unisex,2025-05-30 11:33:45+07:00
Outerwear,6742560.0,4.8,3,M,Women,2025-05-30 11:33:45+07:00
Jacket,8076800.0,4.5,3,L,Unisex,2025-05-30 11:33:45+07:00
Crewneck,3101920.0,4.9,3,XL,Men,2025-05-30 11:33:45+07:00
T-shirt,7133280.0,4.5,3,XXL,Women,2025-05-30 11:33:45+07:00
Pants,8327360.000000001,4.0,3,M,Men,2025-05-30 11:33:45+07:00
Outerwear,847360.0,4.8,3,L,Women,2025-05-30 11:33:45+07:00
Jacket,1159200.0,4.5,3,XL,Unisex,2025-05-30 11:33:45+07:00
Crewneck,6560320.0,3.4,3,XXL,Men,2025-05-30 11:33:45+07:00
T-shirt,5492320.0,3.9,3,S,Women,2025-05-30 11:33:45+07:00
Hoodie,4743520.0,3.1,3,M,Unisex,2025-05-30 11:33:45+07:00
Pants,8301920.0,3.8,3,L,Men,2025-05-30 11:33:45+07:00
Outerwear,7934080.0,3.1,3,XL,Women,2025-05-30 11:33:45+07:00
Jacket,7600000.0,3.8,3,XXL,Unisex,2025-05-30 11:33:45+07:00
T-shirt,4833600.0,3.4,3,M,Women,2025-05-30 11:33:45+07:00
Hoodie,3371680.0,3.1,3,L,Unisex,2025-05-30 11:33:45+07:00
Pants,8116160.0,3.1,3,XL,Men,2025-05-30 11:33:45+07:00
Outerwear,1451680.0,4.0,3,XXL,Women,2025-05-30 11:33:45+07:00
Jacket,8735040.0,3.1,3,S,Unisex,2025-05-30 11:33:45+07:00
Crewneck,8769120.0,3.0,3,M,Men,2025-05-30 11:33:45+07:00
T-shirt,2280000.0,4.5,3,L,Women,2025-05-30 11:33:45+07:00
Hoodie,2149440.0,4.2,3,XL,Unisex,2025-05-30 11:33:45+07:00
Pants,4314240.0,3.1,3,XXL,Men,2025-05-30 11:33:45+07:00
Jacket,8408480.0,3.2,3,M,Unisex,2025-05-30 11:33:45+07:00
Crewneck,1854720.0,3.9,3,L,Men,2025-05-30 11:33:45+07:00
T-shirt,5984160.0,3.9,3,XL,Women,2025-05-30 11:33:45+07:00
Hoodie,3668000.0,4.1,3,XXL,Unisex,2025-05-30 11:33:45+07:00
Outerwear,7073120.0,5.0,3,M,Women,2025-05-30 11:33:45+07:00
Jacket,2080639.9999999998,4.7,3,L,Unisex,2025-05-30 11:33:45+07:00
Crewneck,2275520.0,3.3,3,XL,Men,2025-05-30 11:33:45+07:00
T-shirt,6271520.0,3.5,3,XXL,Women,2025-05-30 11:33:45+07:00
Pants,1097760.0,3.4,3,M,Men,2025-05-30 11:33:45+07:00
Outerwear,1878400.0,4.2,3,L,Women,2025-05-30 11:33:45+07:00
Jacket,2063040.0,4.8,3,XL,Unisex,2025-05-30 11:33:45+07:00
Crewneck,2483040.0,3.5,3,XXL,Men,2025-05-30 11:33:45+07:00
T-shirt,4842080.0,4.6,3,S,Women,2025-05-30 11:33:45+07:00
Hoodie,4086240.0,4.3,3,M,Unisex,2025-05-30 11:33:45+07:00
Pants,5005120.0,3.6,3,L,Men,2025-05-30 11:33:45+07:00
Outerwear,8073920.0,3.1,3,XL,Women,2025-05-30 11:33:45+07:00
Jacket,2569120.0,4.2,3,XXL,Unisex,2025-05-30 11:33:45+07:00
T-shirt,5811840.0,3.3,3,M,Women,2025-05-30 11:33:45+07:00
Hoodie,5291360.0,4.9,3,L,Unisex,2025-05-30 11:33:45+07:00
Pants,3669280.0,4.2,3,XL,Men,2025-05-30 11:33:45+07:00
Outerwear,5575360.0,4.8,3,XXL,Women,2025-05-30 11:33:45+07:00
Jacket,1013600.0,4.3,3,S,Unisex,2025-05-30 11:33:45+07:00
Crewneck,2383680.0,4.7,3,M,Men,2025-05-30 11:33:45+07:00
T-shirt,2087360.0000000002,3.8,3,L,Women,2025-05-30 11:33:45+07:00
Hoodie,5592320.0,4.7,3,XL,Unisex,2025-05-30 11:33:45+07:00
Pants,7501440.0,3.9,3,XXL,Men,2025-05-30 11:33:45+07:00
Jacket,2227040.0,3.0,3,M,Unisex,2025-05-30 11:33:45+07:00
Crewneck,6633120.0,3.2,3,L,Men,2025-05-30 11:33:45+07:00
T-shirt,6568000.0,3.6,3,XL,Women,2025-05-30 11:33:45+07:00
Hoodie,3009120.0,3.2,3,XXL,Unisex,2025-05-30 11:33:45+07:00
Outerwear,5273600.0,3.7,3,M,Women,2025-05-30 11:33:45+07:00
Jacket,3123040.0,4.1,3,L,Unisex,2025-05-30 11:33:45+07:00
Crewneck,888000.0,4.0,3,XL,Men,2025-05-30 11:33:45+07:00
T-shirt,6425120.0,4.2,3,XXL,Women,2025-05-30 11:33:45+07:00
Pants,2384480.0,3.9,3,M,Men,2025-05-30 11:33:45+07:00
Outerwear,1176160.0,4.5,3,L,Women,2025-05-30 11:33:45+07:00
Jacket,5947200.0,3.8,3,XL,Unisex,2025-05-30 11:33:45+07:00
Crewneck,7266720.0,4.9,3,XXL,Men,2025-05-30 11:33:45+07:00
T-shirt,1172160.0,3.1,3,S,Women,2025-05-30 11:33:45+07:00
Hoodie,7801120.0,3.6,3,M,Unisex,2025-05-30 11:33:45+07:00
Pants,2426080.0,4.8,3,L,Men,2025-05-30 11:33:45+07:00
Outerwear,1947840.0,4.3,3,XL,Women,2025-05-30 11:33:45+07:00
Jacket,6408480.0,4.0,3,XXL,Unisex,2025-05-30 11:33:45+07:00
T-shirt,5711200.0,3.2,3,M,Women,2025-05-30 11:33:45+07:00
Hoodie,7974560.0,4.1,3,L,Unisex,2025-05-30 11:33:45+07:00
Pants,7129760.0,3.4,3,XL,Men,2025-05-30 11:33:45+07:00
Outerwear,6325440.0,4.5,3,XXL,Women,2025-05-30 11:33:45+07:00
Jacket,7575040.0,4.2,3,S,Unisex,2025-05-30 11:33:45+07:00
Crewneck,7735200.0,3.7,3,M,Men,2025-05-30 11:33:45+07:00
T-shirt,4086080.0,4.1,3,L,Women,2025-05-30 11:33:45+07:00
Hoodie,3953120.0,4.8,3,XL,Unisex,2025-05-30 11:33:45+07:00
Pants,6329280.0,4.7,3,XXL,Men,2025-05-30 11:33:45+07:00
Jacket,7267040.0,3.8,3,M,Unisex,2025-05-30 11:33:45+07:00
Crewneck,1948320.0,3.1,3,L,Men,2025-05-30 11:33:45+07:00
T-shirt,6017120.0,3.2,3,XL,Women,2025-05-30 11:33:45+07:00
Hoodie,7022880.0,3.1,3,XXL,Unisex,2025-05-30 11:33:45+07:00
Outerwear,5259040.0,3.3,3,M,Women,2025-05-30 11:33:45+07:00
Jacket,5667200.0,3.7,3,L,Unisex,2025-05-30 11:33:45+07:00
Crewneck,3085920.0,3.3,3,XL,Men,2025-05-30 11:33:45+07:00
T-shirt,829440.0,3.3,3,XXL,Women,2025-05-30 11:33:45+07:00
Pants,7810400.0,3.2,3,M,Men,2025-05-30 11:33:45+07:00
Outerwear,8468000.0,3.1,3,L,Women,2025-05-30 11:33:45+07:00
Jacket,6082720.0,3.3,3,XL,Unisex,2025-05-30 11:33:45+07:00
Crewneck,3001760.0,3.4,3,XXL,Men,2025-05-30 11:33:45+07:00
T-shirt,4519360.0,4.9,3,S,Women,2025-05-30 11:33:45+07:00
Hoodie,6641440.0,4.4,3,M,Unisex,2025-05-30 11:33:45+07:00
Pants,5732960.0,4.5,3,L,Men,2025-05-30 11:33:45+07:00
Outerwear,6724160.0,4.7,3,XL,Women,2025-05-30 11:33:45+07:00
Jacket,1591200.0,4.3,3,XXL,Unisex,2025-05-30 11:33:45+07:00
T-shirt,2335680.0,3.4,3,M,Women,2025-05-30 11:33:45+07:00
Hoodie,1746080.0,4.8,3,L,Unisex,2025-05-30 11:33:45+07:00
Pants,2409440.0,3.8,3,XL,Men,2025-05-30 11:33:45+07:00
Outerwear,2826720.0,3.0,3,XXL,Women,2025-05-30 11:33:45+07:00
Jacket,6237760.0,5.0,3,S,Unisex,2025-05-30 11:33:45+07:00
Crewneck,8608800.0,4.3,3,M,Men,2025-05-30 11:33:45+07:00
T-shirt,2883360.0,3.9,3,L,Women,2025-05-30 11:33:45+07:00
Hoodie,4424800.0,4.9,3,XL,Unisex,2025-05-30 11:33:45+07:00
Pants,5975200.0,4.3,3,XXL,Men,2025-05-30 11:33:45+07:00
Jacket,1827680.0,4.8,3,M,Unisex,2025-05-30 11:33:45+07:00
Crewneck,2279040.0,4.1,3,L,Men,2025-05-30 11:33:45+07:00
T-shirt,3415680.0,4.5,3,XL,Women,2025-05-30 11:33:45+07:00
Hoodie,7577440.0,3.3,3,XXL,Unisex,2025-05-30 11:33:45+07:00
Outerwear,6986080.0,4.7,3,M,Women,2025-05-30 11:33:45+07:00
Jacket,3195040.0,4.6,3,L,Unisex,2025-05-30 11:33:45+07:00
Crewneck,6085600.0,3.5,3,XL,Men,2025-05-30 11:33:45+07:00
T-shirt,8047680.0,5.0,3,XXL,Women,2025-05-30 11:33:45+07:00
Pants,2838880.0,4.0,3,M,Men,2025-05-30 11:33:45+07:00
Outerwear,961600.0,3.6,3,L,Women,2025-05-30 11:33:45+07:00
Jacket,2294720.0,3.8,3,XL,Unisex,2025-05-30 11:33:45+07:00
Crewneck,4246560.0,3.2,3,XXL,Men,2025-05-30 11:33:45+07:00
T-shirt,7150080.0,4.3,3,S,Women,2025-05-30 11:33:45+07:00
Hoodie,3739360.0,3.6,3,M,Unisex,2025-05-30 11:33:45+07:00
Pants,8479520.0,3.9,3,L,Men,2025-05-30 11:33:45+07:00
Outerwear,1696480.0,4.3,3,XL,Women,2025-05-30 11:33:45+07:00
Jacket,8788320.0,4.8,3,XXL,Unisex,2025-05-30 11:33:45+07:00
T-shirt,4776800.0,5.0,3,M,Women,2025-05-30 11:33:45+07:00
Hoodie,1171360.0,3.2,3,L,Unisex,2025-05-30 11:33:45+07:00
Pants,4972800.0,4.8,3,XL,Men,2025-05-30 11:33:45+07:00
Outerwear,6956480.0,4.5,3,XXL,Women,2025-05-30 11:33:45+07:00
Jacket,5854880.0,4.9,3,S,Unisex,2025-05-30 11:33:45+07:00
Crewneck,8359360.000000001,4.9,3,M,Men,2025-05-30 11:33:45+07:00
T-shirt,965120.0,3.2,3,L,Women,2025-05-30 11:33:45+07:00
Hoodie,7204960.0,4.7,3,XL,Unisex,2025-05-30 11:33:45+07:00
Pants,4559680.0,3.6,3,XXL,Men,2025-05-30 11:33:45+07:00
Jacket,5052960.0,3.6,3,M,Unisex,2025-05-30 11:33:45+07:00
Crewneck,2231040.0,3.6,3,L,Men,2025-05-30 11:33:45+07:00
T-shirt,7697120.0,3.9,3,XL,Women,2025-05-30 11:33:45+07:00
Hoodie,7027520.0,3.9,3,XXL,Unisex,2025-05-30 11:33:45+07:00
Outerwear,6802080.0,4.8,3,M,Women,2025-05-30 11:33:45+07:00
Jacket,3402400.0,3.6,3,L,Unisex,2025-05-30 11:33:45+07:00
Crewneck,3963200.0,4.4,3,XL,Men,2025-05-30 11:33:45+07:00
T-shirt,2547040.0,3.8,3,XXL,Women,2025-05-30 11:33:45+07:00
Pants,1356160.0,4.4,3,M,Men,2025-05-30 11:33:45+07:00
Outerwear,3431040.0,3.4,3,L,Women,2025-05-30 11:33:45+07:00
Jacket,1452960.0,3.3,3,XL,Unisex,2025-05-30 11:33:45+07:00
Crewneck,7950720.0,4.9,3,XXL,Men,2025-05-30 11:33:45+07:00
T-shirt,4793600.0,4.6,3,S,Women,2025-05-30 11:33:45+07:00
Hoodie,8418080.0,4.2,3,M,Unisex,2025-05-30 11:33:45+07:00
Pants,931200.0,3.1,3,L,Men,2025-05-30 11:33:45+07:00
Outerwear,2883200.0,5.0,3,XL,Women,2025-05-30 11:33:45+07:00
Jacket,5432960.0,3.3,3,XXL,Unisex,2025-05-30 11:33:45+07:00
T-shirt,1226080.0,4.4,3,M,Women,2025-05-30 11:33:45+07:00
Hoodie,4068480.0,3.2,3,L,Unisex,2025-05-30 11:33:45+07:00
Pants,3540000.0,3.3,3,XL,Men,2025-05-30 11:33:45+07:00
Outerwear,3098720.0,4.0,3,XXL,Women,2025-05-30 11:33:45+07:00
Jacket,2505280.0,3.9,3,S,Unisex,2025-05-30 11:33:45+07:00
Crewneck,855360.0,3.6,3,M,Men,2025-05-30 11:33:45+07:00
T-shirt,4592800.0,4.7,3,L,Women,2025-05-30 11:33:45+07:00
Hoodie,2523520.0,3.6,3,XL,Unisex,2025-05-30 11:33:45+07:00
Pants,6020640.0,4.7,3,XXL,Men,2025-05-30 11:33:45+07:00
Jacket,2029120.0,4.6,3,M,Unisex,2025-05-30 11:33:45+07:00
Crewneck,1580320.0,4.1,3,L,Men,2025-05-30 11:33:45+07:00
T-shirt,3501120.0,4.9,3,XL,Women,2025-05-30 11:33:45+07:00
Hoodie,5080160.0,3.8,3,XXL,Unisex,2025-05-30 11:33:45+07:00
Outerwear,2761280.0,3.7,3,M,Women,2025-05-30 11:33:45+07:00
Jacket,4176000.0,4.9,3,L,Unisex,2025-05-30 11:33:45+07:00
Crewneck,3221760.0,3.5,3,XL,Men,2025-05-30 11:33:45+07:00
T-shirt,1586720.0,3.1,3,XXL,Women,2025-05-30 11:33:45+07:00
Pants,5438240.0,4.4,3,M,Men,2025-05-30 11:33:45+07:00
Outerwear,1306400.0,3.4,3,L,Women,2025-05-30 11:33:45+07:00
Jacket,2234720.0,3.7,3,XL,Unisex,2025-05-30 11:33:45+07:00
Crewneck,3617440.0,3.1,3,XXL,Men,2025-05-30 11:33:45+07:00
T-shirt,4454080.0,3.1,3,S,Women,2025-05-30 11:33:45+07:00
Hoodie,2769440.0,4.6,3,M,Unisex,2025-05-30 11:33:45+07:00
Pants,6307840.0,5.0,3,L,Men,2025-05-30 11:33:45+07:00
Outerwear,7004000.0,5.0,3,XL,Women,2025-05-30 11:33:45+07:00
Jacket,2472640.0,3.1,3,XXL,Unisex,2025-05-30 11:33:45+07:00
T-shirt,924320.0,3.9,3,M,Women,2025-05-30 11:33:45+07:00
Hoodie,4601760.0,3.7,3,L,Unisex,2025-05-30 11:33:45+07:00
Pants,3865760.0,4.4,3,XL,Men,2025-05-30 11:33:45+07:00
Outerwear,2528480.0,4.8,3,XXL,Women,2025-05-30 11:33:45+07:00
Jacket,3462400.0,3.4,3,S,Unisex,2025-05-30 11:33:45+07:00
Crewneck,6375200.0,3.3,3,M,Men,2025-05-30 11:33:45+07:00
T-shirt,7053120.0,4.9,3,L,Women,2025-05-30 11:33:45+07:00
Hoodie,1658560.0,4.9,3,XL,Unisex,2025-05-30 11:33:45+07:00
Pants,1442080.0,3.9,3,XXL,Men,2025-05-30 11:33:45+07:00
Jacket,2151840.0,4.5,3,M,Unisex,2025-05-30 11:33:45+07:00
Crewneck,3872480.0,4.2,3,L,Men,2025-05-30 11:33:45+07:00
T-shirt,6557120.0,4.9,3,XL,Women,2025-05-30 11:33:45+07:00
Hoodie,1015680.0,4.0,3,XXL,Unisex,2025-05-30 11:33:45+07:00
Outerwear,1016800.0,3.9,3,M,Women,2025-05-30 11:33:45+07:00
Jacket,2453120.0,4.5,3,L,Unisex,2025-05-30 11:33:45+07:00
Crewneck,4005440.0,3.2,3,XL,Men,2025-05-30 11:33:45+07:00
T-shirt,5326080.0,3.0,3,XXL,Women,2025-05-30 11:33:45+07:00
Pants,4701600.0,4.3,3,M,Men,2025-05-30 11:33:45+07:00
Outerwear,7262720.0,4.2,3,L,Women,2025-05-30 11:33:45+07:00
Jacket,4016960.0,3.3,3,XL,Unisex,2025-05-30 11:33:45+07:00
Crewneck,3574240.0,4.5,3,XXL,Men,2025-05-30 11:33:45+07:00
T-shirt,7740160.0,3.2,3,S,Women,2025-05-30 11:33:45+07:00
Hoodie,4748640.0,4.0,3,M,Unisex,2025-05-30 11:33:45+07:00
Pants,820160.0,4.4,3,L,Men,2025-05-30 11:33:45+07:00
Outerwear,6410080.0,4.0,3,XL,Women,2025-05-30 11:33:45+07:00
Jacket,8754880.0,3.1,3,XXL,Unisex,2025-05-30 11:33:45+07:00
T-shirt,6892800.0,4.4,3,M,Women,2025-05-30 11:33:45+07:00
Hoodie,6576960.0,4.2,3,L,Unisex,2025-05-30 11:33:45+07:00
Pants,2179520.0,5.0,3,XL,Men,2025-05-30 11:33:45+07:00
Outerwear,1094080.0,4.8,3,XXL,Women,2025-05-30 11:33:45+07:00
Jacket,8096000.0,4.1,3,S,Unisex,2025-05-30 11:33:45+07:00
Crewneck,7342880.0,4.8,3,M,Men,2025-05-30 11:33:45+07:00
T-shirt,4240000.0,4.4,3,L,Women,2025-05-30 11:33:45+07:00
Hoodie,3237280.0,3.5,3,XL,Unisex,2025-05-30 11:33:45+07:00
Pants,1880800.0,3.6,3,XXL,Men,2025-05-30 11:33:45+07:00
Jacket,6767840.0,4.5,3,M,Unisex,2025-05-30 11:33:45+07:00
Crewneck,7539520.0,4.5,3,L,Men,2025-05-30 11:33:45+07:00
T-shirt,6070080.0,4.5,3,XL,Women,2025-05-30 11:33:45+07:00
Hoodie,6164320.0,4.7,3,XXL,Unisex,2025-05-30 11:33:45+07:00
Outerwear,1325920.0,3.5,3,M,Women,2025-05-30 11:33:45+07:00
Jacket,4584960.0,3.7,3,L,Unisex,2025-05-30 11:33:45+07:00
Crewneck,1738880.0,4.2,3,XL,Men,2025-05-30 11:33:45+07:00
T-shirt,7738880.0,3.1,3,XXL,Women,2025-05-30 11:33:45+07:00
Pants,3902080.0,3.1,3,M,Men,2025-05-30 11:33:45+07:00
Outerwear,5478080.0,4.2,3,L,Women,2025-05-30 11:33:45+07:00
Jacket,5864960.0,4.7,3,XL,Unisex,2025-05-30 11:33:45+07:00
Crewneck,7017280.0,4.6,3,XXL,Men,2025-05-30 11:33:45+07:00
T-shirt,3986240.0,4.3,3,S,Women,2025-05-30 11:33:45+07:00
Hoodie,6626080.0,4.2,3,M,Unisex,2025-05-30 11:33:45+07:00
Pants,4912000.0,3.8,3,L,Men,2025-05-30 11:33:45+07:00
Outerwear,7302400.0,4.4,3,XL,Women,2025-05-30 11:33:45+07:00
Jacket,4986240.0,4.2,3,XXL,Unisex,2025-05-30 11:33:45+07:00
T-shirt,3352480.0,4.8,3,M,Women,2025-05-30 11:33:45+07:00
Hoodie,4035040.0,4.2,3,L,Unisex,2025-05-30 11:33:45+07:00
Pants,6428640.0,4.1,3,XL,Men,2025-05-30 11:33:45+07:00
Outerwear,4044480.0,4.7,3,XXL,Women,2025-05-30 11:33:45+07:00
Jacket,2573760.0,3.0,3,S,Unisex,2025-05-30 11:33:45+07:00
Crewneck,6955520.0,3.7,3,M,Men,2025-05-30 11:33:45+07:00
T-shirt,8789760.0,3.8,3,L,Women,2025-05-30 11:33:45+07:00
Hoodie,3554560.0,5.0,3,XL,Unisex,2025-05-30 11:33:45+07:00
Pants,7081600.0,3.1,3,XXL,Men,2025-05-30 11:33:45+07:00
Jacket,6011840.0,3.0,3,M,Unisex,2025-05-30 11:33:45+07:00
Crewneck,5071520.0,4.8,3,L,Men,2025-05-30 11:33:45+07:00
T-shirt,1390080.0,3.4,3,XL,Women,2025-05-30 11:33:45+07:00
Hoodie,1663200.0,4.5,3,XXL,Unisex,2025-05-30 11:33:45+07:00
Outerwear,3957760.0,4.4,3,M,Women,2025-05-30 11:33:45+07:00
Jacket,4412800.0,4.6,3,L,Unisex,2025-05-30 11:33:45+07:00
Crewneck,7825920.0,4.1,3,XL,Men,2025-05-30 11:33:45+07:00
T-shirt,8114400.0,4.2,3,XXL,Women,2025-05-30 11:33:45+07:00
Pants,7132480.0,4.4,3,M,Men,2025-05-30 11:33:45+07:00
Outerwear,4924480.0,4.8,3,L,Women,2025-05-30 11:33:45+07:00
Jacket,8024480.0,5.0,3,XL,Unisex,2025-05-30 11:33:45+07:00
Crewneck,8747680.0,4.3,3,XXL,Men,2025-05-30 11:33:45+07:00
T-shirt,8572000.0,3.6,3,S,Women,2025-05-30 11:33:45+07:00
Hoodie,6844000.0,4.7,3,M,Unisex,2025-05-30 11:33:45+07:00
Pants,7766080.0,3.5,3,L,Men,2025-05-30 11:33:45+07:00
Outerwear,7178400.0,3.1,3,XL,Women,2025-05-30 11:33:45+07:00
Jacket,1562080.0,3.4,3,XXL,Unisex,2025-05-30 11:33:45+07:00
T-shirt,4319680.0,3.7,3,M,Women,2025-05-30 11:33:45+07:00
Hoodie,1693760.0,4.4,3,L,Unisex,2025-05-30 11:33:45+07:00
Pants,6888960.0,3.9,3,XL,Men,2025-05-30 11:33:45+07:00
Outerwear,7262560.0,3.1,3,XXL,Women,2025-05-30 11:33:45+07:00
Jacket,7130720.0,3.4,3,S,Unisex,2025-05-30 11:33:45+07:00
Crewneck,1069280.0,3.5,3,M,Men,2025-05-30 11:33:45+07:00
T-shirt,2575680.0,4.1,3,L,Women,2025-05-30 11:33:45+07:00
Hoodie,2236160.0,4.5,3,XL,Unisex,2025-05-30 11:33:45+07:00
Pants,2308320.0,3.8,3,XXL,Men,2025-05-30 11:33:45+07:00
Jacket,6292960.0,4.0,3,M,Unisex,2025-05-30 11:33:45+07:00
Crewneck,3626720.0,4.6,3,L,Men,2025-05-30 11:33:45+07:00
T-shirt,936000.0,3.8,3,XL,Women,2025-05-30 11:33:45+07:00
Hoodie,7919040.0,3.6,3,XXL,Unisex,2025-05-30 11:33:45+07:00
Outerwear,4669280.0,3.6,3,M,Women,2025-05-30 11:33:45+07:00
Jacket,5595840.0,4.0,3,L,Unisex,2025-05-30 11:33:45+07:00
Crewneck,1420160.0,3.2,3,XL,Men,2025-05-30 11:33:45+07:00
T-shirt,6173760.0,3.3,3,XXL,Women,2025-05-30 11:33:45+07:00
Pants,8391200.0,4.1,3,M,Men,2025-05-30 11:33:45+07:00
Outerwear,3370240.0,4.2,3,L,Women,2025-05-30 11:33:45+07:00
Jacket,3479200.0,3.7,3,XL,Unisex,2025-05-30 11:33:45+07:00
Crewneck,3901280.0,3.7,3,XXL,Men,2025-05-30 11:33:45+07:00
T-shirt,5092480.0,3.0,3,S,Women,2025-05-30 11:33:45+07:00
Hoodie,8671840.0,3.1,3,M,Unisex,2025-05-30 11:33:45+07:00
Pants,6134240.0,3.4,3,L,Men,2025-05-30 11:33:45+07:00
Outerwear,4692640.0,4.7,3,XL,Women,2025-05-30 11:33:45+07:00
Jacket,7051840.0,4.4,3,XXL,Unisex,2025-05-30 11:33:45+07:00
T-shirt,4761440.0,3.5,3,M,Women,2025-05-30 11:33:45+07:00
Hoodie,8715680.0,4.7,3,L,Unisex,2025-05-30 11:33:45+07:00
Pants,5957760.0,3.1,3,XL,Men,2025-05-30 11:33:45+07:00
Outerwear,3579360.0,4.0,3,XXL,Women,2025-05-30 11:33:45+07:00
Jacket,6271520.0,3.3,3,S,Unisex,2025-05-30 11:33:45+07:00
Crewneck,5361120.0,3.9,3,M,Men,2025-05-30 11:33:45+07:00
T-shirt,2686240.0,4.6,3,L,Women,2025-05-30 11:33:45+07:00
Hoodie,2687200.0,3.7,3,XL,Unisex,2025-05-30 11:33:45+07:00
Pants,4450080.0,4.9,3,XXL,Men,2025-05-30 11:33:45+07:00
Jacket,5380320.0,4.1,3,M,Unisex,2025-05-30 11:33:45+07:00
Crewneck,7760800.0,3.8,3,L,Men,2025-05-30 11:33:45+07:00
T-shirt,4001120.0,4.5,3,XL,Women,2025-05-30 11:33:45+07:00
Hoodie,1809600.0,3.0,3,XXL,Unisex,2025-05-30 11:33:45+07:00
Outerwear,5460480.0,3.4,3,M,Women,2025-05-30 11:33:45+07:00
Jacket,5007040.0,4.0,3,L,Unisex,2025-05-30 11:33:45+07:00
Crewneck,1590880.0,3.5,3,XL,Men,2025-05-30 11:33:45+07:00
T-shirt,6885280.0,4.2,3,XXL,Women,2025-05-30 11:33:45+07:00
Pants,3724160.0,4.5,3,M,Men,2025-05-30 11:33:45+07:00
Outerwear,8197440.000000001,4.7,3,L,Women,2025-05-30 11:33:45+07:00
Jacket,8319200.000000001,4.3,3,XL,Unisex,2025-05-30 11:33:45+07:00
Crewneck,7635200.0,3.5,3,XXL,Men,2025-05-30 11:33:45+07:00
T-shirt,2611360.0,4.6,3,S,Women,2025-05-30 11:33:45+07:00
Hoodie,4576160.0,3.2,3,M,Unisex,2025-05-30 11:33:45+07:00
Pants,2984160.0,3.3,3,L,Men,2025-05-30 11:33:45+07:00
Outerwear,4966880.0,4.7,3,XL,Women,2025-05-30 11:33:45+07:00
Jacket,4000960.0,3.9,3,XXL,Unisex,2025-05-30 11:33:45+07:00
T-shirt,4756320.0,3.2,3,M,Women,2025-05-30 11:33:45+07:00
Hoodie,6954080.0,4.5,3,L,Unisex,2025-05-30 11:33:45+07:00
Pants,2424000.0,3.8,3,XL,Men,2025-05-30 11:33:45+07:00
Outerwear,3517760.0,3.4,3,XXL,Women,2025-05-30 11:33:45+07:00
Jacket,805600.0,3.5,3,S,Unisex,2025-05-30 11:33:45+07:00
Crewneck,7873920.0,3.3,3,M,Men,2025-05-30 11:33:45+07:00
T-shirt,7958880.0,4.1,3,L,Women,2025-05-30 11:33:45+07:00
Hoodie,4428640.0,4.4,3,XL,Unisex,2025-05-30 11:33:45+07:00
Pants,2625440.0,3.3,3,XXL,Men,2025-05-30 11:33:45+07:00
Jacket,4112160.0,4.1,3,M,Unisex,2025-05-30 11:33:45+07:00
Crewneck,5737760.0,4.5,3,L,Men,2025-05-30 11:33:45+07:00
T-shirt,6964960.0,4.8,3,XL,Women,2025-05-30 11:33:45+07:00
Hoodie,6186880.0,4.9,3,XXL,Unisex,2025-05-30 11:33:45+07:00
Outerwear,4424960.0,4.4,3,M,Women,2025-05-30 11:33:45+07:00
Jacket,4963040.0,4.7,3,L,Unisex,2025-05-30 11:33:45+07:00
Crewneck,931840.0,4.7,3,XL,Men,2025-05-30 11:33:45+07:00
T-shirt,6457120.0,3.9,3,XXL,Women,2025-05-30 11:33:45+07:00
Pants,6805440.0,4.3,3,M,Men,2025-05-30 11:33:45+07:00
Outerwear,7163840.0,3.9,3,L,Women,2025-05-30 11:33:45+07:00
Jacket,8707680.0,4.2,3,XL,Unisex,2025-05-30 11:33:45+07:00
Crewneck,3723840.0,3.5,3,XXL,Men,2025-05-30 11:33:45+07:00
T-shirt,8290400.0,4.4,3,S,Women,2025-05-30 11:33:45+07:00
Hoodie,7969440.0,3.3,3,M,Unisex,2025-05-30 11:33:45+07:00
Pants,4714080.0,4.1,3,L,Men,2025-05-30 11:33:45+07:00
Outerwear,1179040.0,3.3,3,XL,Women,2025-05-30 11:33:45+07:00
Jacket,6414080.0,3.0,3,XXL,Unisex,2025-05-30 11:33:45+07:00
T-shirt,2260960.0,4.4,3,M,Women,2025-05-30 11:33:45+07:00
Hoodie,7511520.0,3.1,3,L,Unisex,2025-05-30 11:33:45+07:00
Pants,7662240.0,4.3,3,XL,Men,2025-05-30 11:33:45+07:00
Outerwear,1710720.0,3.7,3,XXL,Women,2025-05-30 11:33:45+07:00
Jacket,5770720.0,4.6,3,S,Unisex,2025-05-30 11:33:45+07:00
Crewneck,3857600.0,3.1,3,M,Men,2025-05-30 11:33:45+07:00
T-shirt,7047840.0,4.6,3,L,Women,2025-05-30 11:33:45+07:00
Hoodie,2956320.0,4.1,3,XL,Unisex,2025-05-30 11:33:45+07:00
Pants,4515360.0,3.3,3,XXL,Men,2025-05-30 11:33:45+07:00
Jacket,3202720.0,3.1,3,M,Unisex,2025-05-30 11:33:45+07:00
Crewneck,1013920.0,3.6,3,L,Men,2025-05-30 11:33:45+07:00
T-shirt,2428160.0,3.1,3,XL,Women,2025-05-30 11:33:45+07:00
Hoodie,4798720.0,4.8,3,XXL,Unisex,2025-05-30 11:33:45+07:00
Outerwear,1765920.0,4.3,3,M,Women,2025-05-30 11:33:45+07:00
Jacket,6474080.0,3.3,3,L,Unisex,2025-05-30 11:33:45+07:00
Crewneck,8340639.999999999,4.4,3,XL,Men,2025-05-30 11:33:45+07:00
T-shirt,2270240.0,3.3,3,XXL,Women,2025-05-30 11:33:45+07:00
Pants,4849600.0,3.5,3,M,Men,2025-05-30 11:33:45+07:00
Outerwear,7299520.0,4.6,3,L,Women,2025-05-30 11:33:45+07:00
Jacket,6943200.0,3.9,3,XL,Unisex,2025-05-30 11:33:45+07:00
Crewneck,7826400.0,4.1,3,XXL,Men,2025-05-30 11:33:45+07:00
T-shirt,7777440.0,4.5,3,S,Women,2025-05-30 11:33:45+07:00
Hoodie,1232320.0,3.2,3,M,Unisex,2025-05-30 11:33:45+07:00
Pants,8113120.0,4.3,3,L,Men,2025-05-30 11:33:45+07:00
Outerwear,3997920.0,4.4,3,XL,Women,2025-05-30 11:33:45+07:00
Jacket,1003680.0,3.8,3,XXL,Unisex,2025-05-30 11:33:45+07:00
T-shirt,4314240.0,3.6,3,M,Women,2025-05-30 11:33:45+07:00
Hoodie,3128000.0,3.1,3,L,Unisex,2025-05-30 11:33:45+07:00
Pants,8535680.0,3.9,3,XL,Men,2025-05-30 11:33:45+07:00
Outerwear,6897120.0,4.1,3,XXL,Women,2025-05-30 11:33:45+07:00
Jacket,3476320.0,4.5,3,S,Unisex,2025-05-30 11:33:45+07:00
Crewneck,6030240.0,4.0,3,M,Men,2025-05-30 11:33:45+07:00
T-shirt,5220960.0,4.6,3,L,Women,2025-05-30 11:33:45+07:00
Hoodie,6782720.0,4.7,3,XL,Unisex,2025-05-30 11:33:45+07:00
Pants,3038560.0,3.8,3,XXL,Men,2025-05-30 11:33:45+07:00
Jacket,7747360.0,4.7,3,M,Unisex,2025-05-30 11:33:45+07:00
Crewneck,6116000.0,3.2,3,L,Men,2025-05-30 11:33:45+07:00
T-shirt,7479360.0,4.2,3,XL,Women,2025-05-30 11:33:45+07:00
Hoodie,3285440.0,3.3,3,XXL,Unisex,2025-05-30 11:33:45+07:00
Outerwear,4304960.0,3.8,3,M,Women,2025-05-30 11:33:45+07:00
Jacket,8699520.0,4.5,3,L,Unisex,2025-05-30 11:33:45+07:00
Crewneck,8588160.0,3.2,3,XL,Men,2025-05-30 11:33:45+07:00
T-shirt,8012800.0,3.4,3,XXL,Women,2025-05-30 11:33:45+07:00
Pants,6084960.0,3.3,3,M,Men,2025-05-30 11:33:45+07:00
Outerwear,2622080.0,4.0,3,L,Women,2025-05-30 11:33:45+07:00
Jacket,4089440.0,4.7,3,XL,Unisex,2025-05-30 11:33:45+07:00
Crewneck,1834240.0,4.1,3,XXL,Men,2025-05-30 11:33:45+07:00
T-shirt,2538720.0,4.2,3,S,Women,2025-05-30 11:33:45+07:00
Hoodie,8459040.0,4.8,3,M,Unisex,2025-05-30 11:33:45+07:00
Pants,6268320.0,3.8,3,L,Men,2025-05-30 11:33:45+07:00
Outerwear,1817920.0,3.3,3,XL,Women,2025-05-30 11:33:45+07:00
Jacket,8715200.0,3.5,3,XXL,Unisex,2025-05-30 11:33:45+07:00
T-shirt,1422720.0,4.5,3,M,Women,2025-05-30 11:33:45+07:00
Hoodie,7087200.0,4.0,3,L,Unisex,2025-05-30 11:33:45+07:00
Pants,8248639.999999999,3.5,3,XL,Men,2025-05-30 11:33:45+07:00
Outerwear,4033600.0,3.2,3,XXL,Women,2025-05-30 11:33:45+07:00
Jacket,4844000.0,3.9,3,S,Unisex,2025-05-30 11:33:45+07:00
Crewneck,1756640.0,3.7,3,M,Men,2025-05-30 11:33:45+07:00
T-shirt,5044640.0,3.7,3,L,Women,2025-05-30 11:33:45+07:00
Hoodie,2346080.0,3.3,3,XL,Unisex,2025-05-30 11:33:45+07:00
Pants,8406720.0,4.8,3,XXL,Men,2025-05-30 11:33:45+07:00
Jacket,4776160.0,4.5,3,M,Unisex,2025-05-30 11:33:45+07:00
Crewneck,2803360.0,4.7,3,L,Men,2025-05-30 11:33:45+07:00
T-shirt,3156640.0,3.1,3,XL,Women,2025-05-30 11:33:45+07:00
Hoodie,4314880.0,3.2,3,XXL,Unisex,2025-05-30 11:33:45+07:00
Outerwear,4657440.0,3.3,3,M,Women,2025-05-30 11:33:45+07:00
Jacket,2777120.0,4.3,3,L,Unisex,2025-05-30 11:33:45+07:00
Crewneck,6373120.0,3.2,3,XL,Men,2025-05-30 11:33:45+07:00
T-shirt,8164800.0,3.2,3,XXL,Women,2025-05-30 11:33:45+07:00
Pants,7616480.0,3.9,3,M,Men,2025-05-30 11:33:45+07:00
Outerwear,3907360.0,3.6,3,L,Women,2025-05-30 11:33:45+07:00
Jacket,7102560.0,3.5,3,XL,Unisex,2025-05-30 11:33:45+07:00
Crewneck,1495840.0,4.6,3,XXL,Men,2025-05-30 11:33:45+07:00
T-shirt,5381760.0,3.8,3,S,Women,2025-05-30 11:33:45+07:00
Hoodie,4220800.0,4.7,3,M,Unisex,2025-05-30 11:33:45+07:00
Pants,1487520.0,4.4,3,L,Men,2025-05-30 11:33:45+07:00
Outerwear,1939040.0,4.6,3,XL,Women,2025-05-30 11:33:45+07:00
Jacket,8782560.0,4.7,3,XXL,Unisex,2025-05-30 11:33:45+07:00
T-shirt,1416480.0,4.1,3,M,Women,2025-05-30 11:33:45+07:00
Hoodie,3031680.0,4.1,3,L,Unisex,2025-05-30 11:33:45+07:00
Pants,2466720.0,3.4,3,XL,Men,2025-05-30 11:33:45+07:00
Outerwear,959360.0,3.3,3,XXL,Women,2025-05-30 11:33:45+07:00
Jacket,5146240.0,4.2,3,S,Unisex,2025-05-30 11:33:45+07:00
Crewneck,6545120.0,5.0,3,M,Men,2025-05-30 11:33:45+07:00
T-shirt,2444960.0,4.1,3,L,Women,2025-05-30 11:33:45+07:00
Hoodie,5250240.0,4.5,3,XL,Unisex,2025-05-30 11:33:45+07:00
Pants,3526560.0,4.3,3,XXL,Men,2025-05-30 11:33:45+07:00
Jacket,4927680.0,4.3,3,M,Unisex,2025-05-30 11:33:45+07:00
Crewneck,2949120.0,4.2,3,L,Men,2025-05-30 11:33:45+07:00
T-shirt,6214240.0,4.1,3,XL,Women,2025-05-30 11:33:45+07:00
Hoodie,3042880.0,3.1,3,XXL,Unisex,2025-05-30 11:33:45+07:00
Outerwear,7746240.0,4.4,3,M,Women,2025-05-30 11:33:45+07:00
Jacket,8541280.0,4.3,3,L,Unisex,2025-05-30 11:33:45+07:00
Crewneck,7022400.0,3.9,3,XL,Men,2025-05-30 11:33:45+07:00
T-shirt,3751520.0,3.2,3,XXL,Women,2025-05-30 11:33:45+07:00
Pants,1510400.0,4.1,3,M,Men,2025-05-30 11:33:45+07:00
Outerwear,3142880.0,4.4,3,L,Women,2025-05-30 11:33:45+07:00
Jacket,892320.0,3.1,3,XL,Unisex,2025-05-30 11:33:45+07:00
Crewneck,7021760.0,3.9,3,XXL,Men,2025-05-30 11:33:45+07:00
T-shirt,3602560.0,4.9,3,S,Women,2025-05-30 11:33:45+07:00
Hoodie,1532800.0,3.6,3,M,Unisex,2025-05-30 11:33:45+07:00
Pants,4057120.0,3.2,3,L,Men,2025-05-30 11:33:45+07:00
Outerwear,3172960.0,4.7,3,XL,Women,2025-05-30 11:33:45+07:00
Jacket,2028320.0,3.8,3,XXL,Unisex,2025-05-30 11:33:45+07:00
T-shirt,8724320.0,3.2,3,M,Women,2025-05-30 11:33:45+07:00
Hoodie,5664800.0,3.4,3,L,Unisex,2025-05-30 11:33:45+07:00
Pants,4824800.0,4.7,3,XL,Men,2025-05-30 11:33:45+07:00
Outerwear,4979200.0,3.0,3,XXL,Women,2025-05-30 11:33:45+07:00
Jacket,6345920.0,3.5,3,S,Unisex,2025-05-30 11:33:45+07:00
Crewneck,4024000.0,4.8,3,M,Men,2025-05-30 11:33:45+07:00
T-shirt,8173440.0,3.0,3,L,Women,2025-05-30 11:33:45+07:00
Hoodie,6431360.0,3.6,3,XL,Unisex,2025-05-30 11:33:45+07:00
Pants,7228800.0,4.5,3,XXL,Men,2025-05-30 11:33:45+07:00
Jacket,6597600.0,3.9,3,M,Unisex,2025-05-30 11:33:45+07:00
Crewneck,1162880.0,4.7,3,L,Men,2025-05-30 11:33:45+07:00
T-shirt,6858560.0,4.2,3,XL,Women,2025-05-30 11:33:45+07:00
Hoodie,4664320.0,4.0,3,XXL,Unisex,2025-05-30 11:33:45+07:00
Outerwear,1015680.0,4.7,3,M,Women,2025-05-30 11:33:45+07:00
Jacket,1893920.0,3.7,3,L,Unisex,2025-05-30 11:33:45+07:00
Crewneck,8072960.0,3.3,3,XL,Men,2025-05-30 11:33:45+07:00
T-shirt,7016640.0,3.4,3,XXL,Women,2025-05-30 11:33:45+07:00
Pants,5626080.0,3.6,3,M,Men,2025-05-30 11:33:45+07:00
Outerwear,5678080.0,3.0,3,L,Women,2025-05-30 11:33:45+07:00
Jacket,5175680.0,4.1,3,XL,Unisex,2025-05-30 11:33:45+07:00
Crewneck,2882560.0,3.8,3,XXL,Men,2025-05-30 11:33:45+07:00
T-shirt,1517440.0,5.0,3,S,Women,2025-05-30 11:33:45+07:00
Hoodie,6326880.0,4.7,3,M,Unisex,2025-05-30 11:33:45+07:00
Pants,3134080.0,3.7,3,L,Men,2025-05-30 11:33:45+07:00
Outerwear,2627360.0,3.2,3,XL,Women,2025-05-30 11:33:45+07:00
Jacket,1030400.0000000001,3.7,3,XXL,Unisex,2025-05-30 11:33:45+07:00
T-shirt,7431520.0,3.8,3,M,Women,2025-05-30 11:33:45+07:00
Hoodie,8137600.0,4.8,3,L,Unisex,2025-05-30 11:33:45+07:00
Pants,7229760.0,3.1,3,XL,Men,2025-05-30 11:33:45+07:00
Outerwear,6910400.0,4.6,3,XXL,Women,2025-05-30 11:33:45+07:00
Jacket,7128000.0,3.1,3,S,Unisex,2025-05-30 11:33:45+07:00
Crewneck,7582720.0,4.4,3,M,Men,2025-05-30 11:33:45+07:00
T-shirt,6025920.0,3.1,3,L,Women,2025-05-30 11:33:45+07:00
Hoodie,2779840.0,4.7,3,XL,Unisex,2025-05-30 11:33:45+07:00
Pants,2191040.0,4.1,3,XXL,Men,2025-05-30 11:33:45+07:00
Jacket,4091840.0,4.9,3,M,Unisex,2025-05-30 11:33:45+07:00
Crewneck,5792640.0,3.9,3,L,Men,2025-05-30 11:33:45+07:00
T-shirt,7211680.0,3.4,3,XL,Women,2025-05-30 11:33:45+07:00
Hoodie,1343360.0,4.9,3,XXL,Unisex,2025-05-30 11:33:45+07:00
Outerwear,4152800.0,4.5,3,M,Women,2025-05-30 11:33:45+07:00
Jacket,5662080.0,4.9,3,L,Unisex,2025-05-30 11:33:45+07:00
Crewneck,6294560.0,3.3,3,XL,Men,2025-05-30 11:33:45+07:00
T-shirt,1655040.0,3.5,3,XXL,Women,2025-05-30 11:33:45+07:00
Pants,8748160.0,3.4,3,M,Men,2025-05-30 11:33:45+07:00
Outerwear,3393600.0,3.2,3,L,Women,2025-05-30 11:33:45+07:00
Jacket,1485760.0,4.1,3,XL,Unisex,2025-05-30 11:33:45+07:00
Crewneck,8189440.0,3.1,3,XXL,Men,2025-05-30 11:33:45+07:00
T-shirt,5333120.0,3.7,3,S,Women,2025-05-30 11:33:45+07:00
Hoodie,6104800.0,3.4,3,M,Unisex,2025-05-30 11:33:45+07:00
Pants,6034720.0,4.2,3,L,Men,2025-05-30 11:33:45+07:00
Outerwear,5816480.0,3.2,3,XL,Women,2025-05-30 11:33:45+07:00
Jacket,2767520.0,3.4,3,XXL,Unisex,2025-05-30 11:33:45+07:00
T-shirt,4117439.9999999995,4.5,3,M,Women,2025-05-30 11:33:45+07:00
Hoodie,2510720.0,3.0,3,L,Unisex,2025-05-30 11:33:45+07:00
Pants,5341280.0,3.0,3,XL,Men,2025-05-30 11:33:45+07:00
Outerwear,6444480.0,4.3,3,XXL,Women,2025-05-30 11:33:45+07:00
Jacket,6749280.0,5.0,3,S,Unisex,2025-05-30 11:33:45+07:00
Crewneck,4593600.0,4.7,3,M,Men,2025-05-30 11:33:45+07:00
T-shirt,3041120.0,4.7,3,L,Women,2025-05-30 11:33:45+07:00
Hoodie,2153280.0,4.0,3,XL,Unisex,2025-05-30 11:33:45+07:00
Pants,1708320.0,3.2,3,XXL,Men,2025-05-30 11:33:45+07:00
Jacket,4068960.0,3.8,3,M,Unisex,2025-05-30 11:33:45+07:00
Crewneck,8650080.0,4.0,3,L,Men,2025-05-30 11:33:45+07:00
T-shirt,5983040.0,4.0,3,XL,Women,2025-05-30 11:33:45+07:00
Hoodie,4209600.0,3.9,3,XXL,Unisex,2025-05-30 11:33:45+07:00
Outerwear,2771360.0,4.9,3,M,Women,2025-05-30 11:33:45+07:00
Jacket,4391040.0,3.4,3,L,Unisex,2025-05-30 11:33:45+07:00
Crewneck,4048800.0,4.2,3,XL,Men,2025-05-30 11:33:45+07:00
T-shirt,7433280.0,4.6,3,XXL,Women,2025-05-30 11:33:45+07:00
Pants,5710240.0,4.4,3,M,Men,2025-05-30 11:33:45+07:00
Outerwear,1875360.0,4.3,3,L,Women,2025-05-30 11:33:45+07:00
Jacket,4459040.0,3.9,3,XL,Unisex,2025-05-30 11:33:45+07:00
Crewneck,3266720.0,4.8,3,XXL,Men,2025-05-30 11:33:45+07:00
T-shirt,7310560.0,3.0,3,S,Women,2025-05-30 11:33:45+07:00
Hoodie,5016000.0,4.7,3,M,Unisex,2025-05-30 11:33:45+07:00
Pants,8717760.0,3.2,3,L,Men,2025-05-30 11:33:45+07:00
Outerwear,7162560.0,3.7,3,XL,Women,2025-05-30 11:33:45+07:00
Jacket,3796640.0,4.8,3,XXL,Unisex,2025-05-30 11:33:45+07:00
T-shirt,6406080.0,4.2,3,M,Women,2025-05-30 11:33:45+07:00
Hoodie,4872800.0,5.0,3,L,Unisex,2025-05-30 11:33:45+07:00
Pants,1110080.0,4.7,3,XL,Men,2025-05-30 11:33:45+07:00
Outerwear,5985440.0,4.8,3,XXL,Women,2025-05-30 11:33:45+07:00
Jacket,1649120.0,4.5,3,S,Unisex,2025-05-30 11:33:45+07:00
Crewneck,8744160.0,4.4,3,M,Men,2025-05-30 11:33:45+07:00
T-shirt,5160320.0,3.8,3,L,Women,2025-05-30 11:33:45+07:00
Hoodie,4742400.0,4.7,3,XL,Unisex,2025-05-30 11:33:45+07:00
Pants,6030720.0,3.4,3,XXL,Men,2025-05-30 11:33:45+07:00
Jacket,838240.0,4.2,3,M,Unisex,2025-05-30 11:33:45+07:00
Crewneck,6103520.0,4.7,3,L,Men,2025-05-30 11:33:45+07:00
T-shirt,3301440.0,4.1,3,XL,Women,2025-05-30 11:33:45+07:00
Hoodie,1058400.0,3.8,3,XXL,Unisex,2025-05-30 11:33:45+07:00
Outerwear,7091040.0,4.8,3,M,Women,2025-05-30 11:33:45+07:00
Jacket,2324000.0,4.6,3,L,Unisex,2025-05-30 11:33:45+07:00
Crewneck,4630400.0,4.4,3,XL,Men,2025-05-30 11:33:45+07:00
T-shirt,4496480.0,3.0,3,XXL,Women,2025-05-30 11:33:45+07:00
Pants,3955360.0,4.6,3,M,Men,2025-05-30 11:33:45+07:00
Outerwear,7101280.0,3.0,3,L,Women,2025-05-30 11:33:45+07:00
Jacket,7223680.0,3.1,3,XL,Unisex,2025-05-30 11:33:45+07:00
Crewneck,7143360.0,3.9,3,XXL,Men,2025-05-30 11:33:45+07:00
T-shirt,6065440.0,4.1,3,S,Women,2025-05-30 11:33:45+07:00
Hoodie,5532640.0,5.0,3,M,Unisex,2025-05-30 11:33:45+07:00
Pants,2848800.0,3.1,3,L,Men,2025-05-30 11:33:45+07:00
Outerwear,4208320.0,3.9,3,XL,Women,2025-05-30 11:33:45+07:00
Jacket,8164640.0,3.6,3,XXL,Unisex,2025-05-30 11:33:45+07:00
T-shirt,2859040.0,3.3,3,M,Women,2025-05-30 11:33:45+07:00
Hoodie,2997120.0,3.6,3,L,Unisex,2025-05-30 11:33:45+07:00
Pants,7422880.0,3.9,3,XL,Men,2025-05-30 11:33:45+07:00
Outerwear,2023200.0,3.2,3,XXL,Women,2025-05-30 11:33:45+07:00
Jacket,7480480.0,3.6,3,S,Unisex,2025-05-30 11:33:45+07:00
Crewneck,4789920.0,3.7,3,M,Men,2025-05-30 11:33:45+07:00
T-shirt,6134240.0,4.1,3,L,Women,2025-05-30 11:33:45+07:00
Hoodie,7816160.0,3.5,3,XL,Unisex,2025-05-30 11:33:45+07:00
Pants,4144160.0,4.2,3,XXL,Men,2025-05-30 11:33:45+07:00
Jacket,2777280.0,4.1,3,M,Unisex,2025-05-30 11:33:45+07:00
Crewneck,2643840.0,3.4,3,L,Men,2025-05-30 11:33:45+07:00
T-shirt,1600000.0,4.5,3,XL,Women,2025-05-30 11:33:45+07:00
Hoodie,3249760.0,5.0,3,XXL,Unisex,2025-05-30 11:33:45+07:00
Outerwear,4532800.0,3.0,3,M,Women,2025-05-30 11:33:45+07:00
Jacket,3748640.0,3.7,3,L,Unisex,2025-05-30 11:33:45+07:00
Crewneck,6418560.0,3.0,3,XL,Men,2025-05-30 11:33:45+07:00
T-shirt,2419360.0,4.7,3,XXL,Women,2025-05-30 11:33:45+07:00
Pants,4131359.9999999995,3.3,3,M,Men,2025-05-30 11:33:45+07:00
Outerwear,1071360.0,4.0,3,L,Women,2025-05-30 11:33:45+07:00
Jacket,2168000.0,4.5,3,XL,Unisex,2025-05-30 11:33:45+07:00
Crewneck,6805120.0,3.9,3,XXL,Men,2025-05-30 11:33:45+07:00
T-shirt,2399040.0,3.2,3,S,Women,2025-05-30 11:33:45+07:00
Hoodie,1303840.0,3.3,3,M,Unisex,2025-05-30 11:33:45+07:00
Pants,7473760.0,4.6,3,L,Men,2025-05-30 11:33:45+07:00
Outerwear,6040320.0,4.5,3,XL,Women,2025-05-30 11:33:45+07:00
Jacket,6395040.0,3.5,3,XXL,Unisex,2025-05-30 11:33:45+07:00
T-shirt,1343680.0,4.3,3,M,Women,2025-05-30 11:33:45+07:00
Hoodie,8321600.0,4.8,3,L,Unisex,2025-05-30 11:33:45+07:00
Pants,2755200.0,4.4,3,XL,Men,2025-05-30 11:33:45+07:00
Outerwear,2506720.0,4.6,3,XXL,Women,2025-05-30 11:33:45+07:00
Jacket,3225760.0,4.6,3,S,Unisex,2025-05-30 11:33:45+07:00
Crewneck,4552640.0,4.6,3,M,Men,2025-05-30 11:33:45+07:00
T-shirt,4809760.0,4.7,3,L,Women,2025-05-30 11:33:45+07:00
Hoodie,1026880.0000000001,3.1,3,XL,Unisex,2025-05-30 11:33:45+07:00
Pants,6497760.0,4.3,3,XXL,Men,2025-05-30 11:33:45+07:00
Jacket,6420960.0,3.3,3,M,Unisex,2025-05-30 11:33:45+07:00
Crewneck,5901120.0,3.6,3,L,Men,2025-05-30 11:33:45+07:00
T-shirt,7414720.0,4.3,3,XL,Women,2025-05-30 11:33:45+07:00
Hoodie,4760640.0,3.4,3,XXL,Unisex,2025-05-30 11:33:45+07:00
Outerwear,7806400.0,3.8,3,M,Women,2025-05-30 11:33:45+07:00
Jacket,7869280.0,4.2,3,L,Unisex,2025-05-30 11:33:45+07:00
Crewneck,6333920.0,4.6,3,XL,Men,2025-05-30 11:33:45+07:00
T-shirt,6439040.0,4.7,3,XXL,Women,2025-05-30 11:33:45+07:00
Pants,8515360.0,4.4,3,M,Men,2025-05-30 11:33:45+07:00
Outerwear,2673600.0,3.2,3,L,Women,2025-05-30 11:33:45+07:00
Jacket,2946560.0,4.8,3,XL,Unisex,2025-05-30 11:33:45+07:00
Crewneck,1126720.0,4.3,3,XXL,Men,2025-05-30 11:33:45+07:00
T-shirt,7873760.0,4.9,3,S,Women,2025-05-30 11:33:45+07:00
Hoodie,6077920.0,3.1,3,M,Unisex,2025-05-30 11:33:45+07:00
Pants,8408640.0,4.1,3,L,Men,2025-05-30 11:33:45+07:00
Outerwear,6192960.0,4.8,3,XL,Women,2025-05-30 11:33:45+07:00
Jacket,7214240.0,3.3,3,XXL,Unisex,2025-05-30 11:33:45+07:00
T-shirt,3164000.0,3.6,3,M,Women,2025-05-30 11:33:45+07:00
Hoodie,2617920.0,4.1,3,L,Unisex,2025-05-30 11:33:45+07:00
Pants,3356320.0,3.9,3,XL,Men,2025-05-30 11:33:45+07:00
Outerwear,5027840.0,4.9,3,XXL,Women,2025-05-30 11:33:45+07:00
Jacket,4301760.0,3.9,3,S,Unisex,2025-05-30 11:33:45+07:00
Crewneck,8732640.0,4.9,3,M,Men,2025-05-30 11:33:45+07:00
T-shirt,7954880.0,4.2,3,L,Women,2025-05-30 11:33:45+07:00
Hoodie,8383840.0,3.6,3,XL,Unisex,2025-05-30 11:33:45+07:00
Pants,2395200.0,4.7,3,XXL,Men,2025-05-30 11:33:45+07:00
Jacket,7853280.0,4.9,3,M,Unisex,2025-05-30 11:33:45+07:00
Crewneck,3222240.0,3.5,3,L,Men,2025-05-30 11:33:45+07:00
T-shirt,5799200.0,4.6,3,XL,Women,2025-05-30 11:33:45+07:00
Hoodie,2649120.0,4.2,3,XXL,Unisex,2025-05-30 11:33:45+07:00
Outerwear,6061600.0,4.0,3,M,Women,2025-05-30 11:33:45+07:00
Jacket,5380800.0,3.3,3,L,Unisex,2025-05-30 11:33:45+07:00
Crewneck,8364000.0,4.7,3,XL,Men,2025-05-30 11:33:45+07:00
T-shirt,3706080.0,3.2,3,XXL,Women,2025-05-30 11:33:45+07:00
Pants,1210880.0,4.4,3,M,Men,2025-05-30 11:33:45+07:00
Outerwear,2435840.0,3.7,3,L,Women,2025-05-30 11:33:45+07:00
Jacket,3764320.0,3.8,3,XL,Unisex,2025-05-30 11:33:45+07:00
Crewneck,7900800.0,4.5,3,XXL,Men,2025-05-30 11:33:45+07:00
T-shirt,1911040.0,4.6,3,S,Women,2025-05-30 11:33:45+07:00
Hoodie,7706400.0,3.5,3,M,Unisex,2025-05-30 11:33:45+07:00
Pants,3911680.0,3.4,3,L,Men,2025-05-30 11:33:45+07:00
Outerwear,1253440.0,3.3,3,XL,Women,2025-05-30 11:33:45+07:00
Jacket,1741120.0,4.9,3,XXL,Unisex,2025-05-30 11:33:45+07:00
T-shirt,5937600.0,4.2,3,M,Women,2025-05-30 11:33:45+07:00
Hoodie,4960800.0,3.4,3,L,Unisex,2025-05-30 11:33:45+07:00
Pants,2248160.0,3.6,3,XL,Men,2025-05-30 11:33:45+07:00
Outerwear,6048000.0,4.1,3,XXL,Women,2025-05-30 11:33:45+07:00
Jacket,6165440.0,3.1,3,S,Unisex,2025-05-30 11:33:45+07:00
Crewneck,2475360.0,4.1,3,M,Men,2025-05-30 11:33:45+07:00
T-shirt,4058400.0,3.6,3,L,Women,2025-05-30 11:33:45+07:00
Hoodie,4466080.0,4.8,3,XL,Unisex,2025-05-30 11:33:45+07:00
Pants,5776000.0,3.7,3,XXL,Men,2025-05-30 11:33:45+07:00
Jacket,7972960.0,3.0,3,M,Unisex,2025-05-30 11:33:45+07:00
Crewneck,4571040.0,4.4,3,L,Men,2025-05-30 11:33:45+07:00
T-shirt,1578240.0,4.6,3,XL,Women,2025-05-30 11:33:45+07:00
Hoodie,2107680.0,4.2,3,XXL,Unisex,2025-05-30 11:33:45+07:00
Outerwear,7079680.0,4.6,3,M,Women,2025-05-30 11:33:45+07:00
Jacket,4600480.0,3.9,3,L,Unisex,2025-05-30 11:33:45+07:00
Crewneck,1844320.0,4.4,3,XL,Men,2025-05-30 11:33:45+07:00
T-shirt,7691680.0,4.9,3,XXL,Women,2025-05-30 11:33:45+07:00
Pants,7155040.0,3.7,3,M,Men,2025-05-30 11:33:45+07:00
Outerwear,8423200.0,3.8,3,L,Women,2025-05-30 11:33:45+07:00
Jacket,3878720.0,4.1,3,XL,Unisex,2025-05-30 11:33:45+07:00
Crewneck,7006560.0,4.7,3,XXL,Men,2025-05-30 11:33:45+07:00
T-shirt,4457600.0,3.1,3,S,Women,2025-05-30 11:33:45+07:00
Hoodie,4024320.0,4.4,3,M,Unisex,2025-05-30 11:33:45+07:00
Pants,3946240.0,4.8,3,L,Men,2025-05-30 11:33:45+07:00
Outerwear,6828480.0,4.6,3,XL,Women,2025-05-30 11:33:45+07:00
Jacket,5840160.0,4.5,3,XXL,Unisex,2025-05-30 11:33:45+07:00
T-shirt,2887840.0,4.1,3,M,Women,2025-05-30 11:33:45+07:00
Hoodie,7916160.0,4.6,3,L,Unisex,2025-05-30 11:33:45+07:00
Pants,3885280.0,3.3,3,XL,Men,2025-05-30 11:33:45+07:00
Outerwear,3107200.0,4.5,3,XXL,Women,2025-05-30 11:33:45+07:00
Jacket,8499520.0,4.9,3,S,Unisex,2025-05-30 11:33:45+07:00
Crewneck,1744000.0,3.5,3,M,Men,2025-05-30 11:33:45+07:00
T-shirt,4045120.0,4.4,3,L,Women,2025-05-30 11:33:45+07:00
Hoodie,4231840.0,3.8,3,XL,Unisex,2025-05-30 11:33:45+07:00
Pants,952960.0,4.6,3,XXL,Men,2025-05-30 11:33:45+07:00
Jacket,7272000.0,4.4,3,M,Unisex,2025-05-30 11:33:45+07:00
Crewneck,7134400.0,3.9,3,L,Men,2025-05-30 11:33:45+07:00
T-shirt,4769280.0,3.0,3,XL,Women,2025-05-30 11:33:45+07:00
Hoodie,4816000.0,3.6,3,XXL,Unisex,2025-05-30 11:33:45+07:00
Outerwear,3356000.0,3.6,3,M,Women,2025-05-30 11:33:45+07:00
Jacket,3918240.0,3.6,3,L,Unisex,2025-05-30 11:33:45+07:00
Crewneck,4848480.0,3.4,3,XL,Men,2025-05-30 11:33:45+07:00
T-shirt,6544000.0,3.1,3,XXL,Women,2025-05-30 11:33:45+07:00
Pants,7281760.0,4.9,3,M,Men,2025-05-30 11:33:45+07:00
Outerwear,5762560.0,3.2,3,L,Women,2025-05-30 11:33:45+07:00
Jacket,7349440.0,3.8,3,XL,Unisex,2025-05-30 11:33:45+07:00
Crewneck,6236000.0,4.3,3,XXL,Men,2025-05-30 11:33:45+07:00
T-shirt,6713760.0,4.5,3,S,Women,2025-05-30 11:33:45+07:00
Hoodie,4008000.0,4.7,3,M,Unisex,2025-05-30 11:33:45+07:00
Pants,2054239.9999999998,3.5,3,L,Men,2025-05-30 11:33:45+07:00
Outerwear,6869440.0,4.2,3,XL,Women,2025-05-30 11:33:45+07:00
Jacket,3327360.0,4.2,3,XXL,Unisex,2025-05-30 11:33:45+07:00
T-shirt,4840480.0,4.9,3,M,Women,2025-05-30 11:33:45+07:00
Hoodie,6361920.0,3.4,3,L,Unisex,2025-05-30 11:33:45+07:00
Pants,1693760.0,4.4,3,XL,Men,2025-05-30 11:33:45+07:00
Outerwear,8046720.0,3.2,3,XXL,Women,2025-05-30 11:33:45+07:00
Jacket,6942400.0,4.3,3,S,Unisex,2025-05-30 11:33:45+07:00
Crewneck,5321280.0,3.9,3,M,Men,2025-05-30 11:33:45+07:00
T-shirt,908000.0,4.2,3,L,Women,2025-05-30 11:33:45+07:00
Hoodie,8534240.0,4.8,3,XL,Unisex,2025-05-30 11:33:45+07:00
Pants,2938240.0,4.7,3,XXL,Men,2025-05-30 11:33:45+07:00
